{
    "f1_score_weighted": 0.7613786213786213,
    "accuracy": 0.7662337662337663,
    "f1_score_no": 0.826923076923077,
    "f1_score_yes": 0.6399999999999999
}